Title,URL,Traffic,Traffic value,Referring domains,Keywords,Top keyword,Top keyword: Country,Top keyword: Volume,Top keyword: Position
Ultimate SEO Guide for 2024 - Complete Strategy,https://example.com/seo-guide-2024,2450,2156.30,89,152,seo guide 2024,United States,1800,1
Content Marketing That Actually Works,https://example.com/content-marketing-strategy,1820,1534.20,67,98,content marketing strategy,United States,1200,2
"Web Analytics Tool - Track Your Success, Measure ROI",https://example.com/analytics-tool,1650,1432.50,34,74,web analytics tool,United States,900,3
Social Media Marketing for Small Business Success,https://example.com/social-media-marketing,1280,1089.60,56,86,social media marketing,United States,2200,4
Digital Marketing Consulting Services - Expert Help,https://example.com/consulting-services,890,756.50,28,45,digital marketing consultant,United States,800,2
Email Marketing Best Practices: Complete Guide,https://example.com/email-marketing-guide,780,663.00,45,67,email marketing best practices,United States,600,1
PPC Advertising: Complete Beginner's Guide to Success,https://example.com/ppc-advertising-guide,720,612.00,52,58,ppc advertising guide,United States,500,3
Free Marketing Templates and Resources Download,https://example.com/marketing-templates,690,586.50,38,43,free marketing templates,United States,400,2
Conversion Rate Optimization: Proven Tactics,https://example.com/conversion-optimization,580,493.00,31,39,conversion rate optimization,United States,700,5
Brand Building Strategy: Complete Framework,https://example.com/brand-building-strategy,540,459.00,41,52,brand building strategy,United States,350,2
E-commerce Growth: 300% Increase Case Study,https://example.com/ecommerce-case-study,490,416.50,19,34,ecommerce growth strategy,United States,250,4
Free Keyword Research Tool - Find Profitable Keywords,https://example.com/keyword-research-tool,650,552.50,72,89,free keyword research tool,United States,1100,1
Mobile Marketing Trends and Future Strategies,https://example.com/mobile-marketing-trends,420,357.00,25,31,mobile marketing trends,United States,300,3
Growth Hacking Webinar Series - Join Free,https://example.com/growth-hacking-webinar,310,263.50,15,22,growth hacking webinar,United States,150,2
Influencer Marketing for B2B: Complete Guide,https://example.com/b2b-influencer-marketing,380,323.00,33,28,b2b influencer marketing,United States,200,4
Video Marketing for Beginners: Step-by-Step Guide,https://example.com/video-marketing-guide,520,442.00,48,45,video marketing guide,United States,450,3
Marketing Psychology: Consumer Behavior Insights,https://example.com/marketing-psychology,460,391.00,35,41,marketing psychology,United States,320,2
SEO Tools Comparison: Best Options for 2024,https://example.com/seo-tools-comparison,390,331.50,29,36,best seo tools,United States,900,6
Social Media Analytics: Track Performance,https://example.com/social-media-analytics,320,272.00,22,27,social media analytics,United States,180,4
Lead Generation Strategies That Work,https://example.com/lead-generation-strategies,410,348.50,26,33,lead generation strategies,United States,400,3
